,a,b
0,0.4470834023273037,0.37252162654688087
1,0.4139005601622622,-0.14534485448118875
2,-0.8051954158724107,2.5341704045024622
3,-0.06074319439387751,-2.143772167677776
4,-0.3953726090218611,0.49592265430086835
5,-0.1445019165558533,0.8728168181378282
6,1.6709446798121586,0.26270865442092806
7,-0.47224644817264877,0.5262216528425494
8,0.9780004091329701,-0.48779816560165584
9,0.5905628460260285,0.9397401998248898
10,-0.23718223743927294,-0.789604045073558
11,-1.5083129594797244,-0.387699934063194
12,-0.2538215111383111,-0.5850677697958364
13,0.19689772940159692,0.8124854511050924
14,-0.8263549042398055,-0.5082728282314833
15,0.04195084747659719,0.6546506945559014
16,-1.4690654410910748,-2.0276987592716624
17,-0.22979072099730954,1.0258555801120293
18,-1.1004238133880808,-1.618579053712597
19,0.31355583279945964,0.1441151153228503
20,-0.7100418356198012,0.6564776599731335
21,1.454896442166695,0.9830247335789817
22,1.5653508727731917,-0.7069145150786749
23,0.9087188294015947,-1.205062323051549
24,2.184668081711899,0.07283609878004035
25,2.1505492201516385,-0.5629850486814676
26,1.2879030795682314,-0.76146268860176
27,-0.728592167101749,-0.5130200326605883
28,-0.11805543001421935,0.8307969428139678
29,0.12311961996919712,-0.41898518217353103
30,-0.4730864430312184,0.4366179928953743
31,-1.0550663288078395,-0.2854380450354762
32,0.40456808094942004,-0.11488876218999747
33,0.08980069950142049,-1.5849006031901802
34,1.0456968256779748,0.2521161077895513
35,1.1081699565363239,2.0762948123446914
36,-0.4683997446291827,-0.06094021426241546
37,0.7489465630377299,2.490088399540185
38,0.5730020018211985,1.1355691389505653
39,0.7945372750677202,-1.058826965581686
40,0.7960355579616786,-0.3902792978166853
41,-1.111348915027174,0.14849048571881335
42,-0.877912943744806,1.114448191124341
43,0.9978225709280857,-0.5133115120532308
44,0.6824067836480433,0.4715478769403808
45,-1.0931266323975914,0.09410992300059619
46,0.4536745601615609,0.06713753222068392
47,0.17414376078465724,-1.2165535363178512
48,0.13922228193522554,-1.0414718598479915
49,0.24627059136581264,-1.8642412771137105
50,-0.7446922595288101,0.9907034222161933
51,0.1532875481843596,0.4310583700073466
52,0.24928055881730576,-0.8813161219451299
53,0.9642287876488971,-0.7919093691239862
54,0.5435637553865277,-0.42090784528730973
55,1.3132626819392414,1.7909798458431365
56,-0.05210271334233971,-0.010698711940410612
57,0.4953910038677387,0.9329327098826409
58,1.1174911422474736,0.686140531579916
59,-0.7540664723547881,0.9960976944579389
60,-0.07566165327654222,0.4108948141031201
61,0.6241711739403879,0.4617404021935175
62,-0.9118767356733469,0.25934211995889095
63,-0.33280131698570725,-0.3365785326618296
64,0.4077950356163936,-0.7732689295565585
65,-0.0981472333988528,0.20694218005507997
66,0.5343861487550094,1.6636788900964985
67,0.571536978806836,0.9844533174003235
68,-0.008365955589581725,1.0317068933555111
69,-0.30243577072096073,-0.6934299347305527
70,0.8291968264346605,-0.09085135250690526
71,-0.8998543580219578,0.7302872778042305
72,-0.24527716830678067,-0.25150014771944196
73,-0.8943028823412347,-0.8122283324394572
74,0.3311034080291833,1.1855362253275257
75,-0.6710139274586765,0.4087707353293435
76,-0.9042155060400056,-0.23359323781552438
77,0.17900369984823944,-1.4315024069918132
78,-0.8716610109925956,2.136454202668564
79,-2.3649381834985053,0.004097290493657202
80,-0.9781014701683345,0.5034056762390136
81,-1.266164468619724,-2.370996577612432
82,-1.301557903049805,0.16004406316168984
83,0.15095169333886407,1.182619332722492
84,0.8108943682190235,0.32134683266959335
85,-0.9332323959987214,1.6819304026940334
86,-1.1490821911371956,-0.7195501654764149
87,-0.0685295721720698,-1.1095852788028027
88,0.7649161770626048,0.3783287071776737
89,-1.8920943849143825,-0.5443484163669302
90,-0.8739289610288404,1.4595802469494619
91,-0.6825127245169799,0.8076777675238568
92,0.7156635579211837,0.6696800429101613
93,0.4178723231204096,0.5332347566378383
94,-0.6756304179262499,-0.8682310627241755
95,1.4799061658285948,-1.7787636611929576
96,0.5900472925116195,0.26245537349191905
97,-0.22461667525670023,-0.3944278241885633
98,0.03253544003286804,1.0831076601466536
99,0.7075670957814205,-0.046901594285955785
100,-0.5880670871907043,1.1597323023571358
101,-0.7683332474228379,-0.10341174547393978
102,1.6880552491194456,0.5072628810790296
103,-1.2218315793154726,-0.8893903334793117
104,-0.49434417944656084,-0.28178761099170413
105,0.16079494134256322,2.3948676561460136
106,-0.052445236119369416,0.2498883331488591
107,0.49234491667535485,-0.29319929488574287
108,0.4316394710011865,-0.5869030581014587
109,-0.6651547048517834,0.7506231823159342
110,-0.9624596323354447,-0.3859268350569683
111,-0.22795651296266004,1.5032570164127974
112,1.6128128794131846,0.3188758889439276
113,-1.0315105098556103,-0.5955336857812678
114,-0.4495092642952018,1.46779951601805
115,-0.40597541297052436,-0.3041477437535368
116,-0.7767071384607116,-0.49712198351798187
117,-1.3369039790733064,-1.5586961997114093
118,0.5390553387160274,-0.007400983693153016
119,-0.29231908362594755,0.2002045060776613
120,-1.352222385308099,-0.4783893814800576
121,0.09323696983951626,-0.9804096264670533
122,0.2462397390550222,0.7763129052173837
123,0.39381530759118843,-0.43196831748536557
124,0.7443263023352704,-0.48698292193462384
125,-1.1610092585950869,-1.4803196157267773
126,-0.5502766402657795,0.7679485666122425
127,-0.8776412980013087,0.04750612855900012
128,0.7297331549546072,0.40914507820965645
129,-0.7705798082203412,-0.1153337174301482
130,-0.68473605828831,-0.1296224903240587
131,-0.12420925561067285,-0.4643306158277141
132,0.01791958653274807,0.7415353728326812
133,0.4005385375748373,1.9199761271375457
134,-1.413061164482448,-2.561244987130808
135,0.7841233962328188,0.9271090969878064
136,0.040955650941021556,-0.08446073869536755
137,0.525649731880417,-1.9070861345030883
138,-1.2680175083854577,0.03775452915975485
139,-0.9588533541766422,-0.009534731704661336
140,-0.8952508019715683,-0.8866471746582507
141,0.3569447784837958,-1.309828742864048
142,-1.3859071513770982,1.0217298417434857
143,0.3102916032205425,0.9689724362608753
144,0.023001821293334404,0.7142408208284394
145,0.207895713226435,0.06335682207885852
146,0.13200519071232542,-1.7943546563162664
147,-0.27307983531070174,0.6107784863843859
148,-1.2668499967835938,0.22008127955951795
149,0.39067049412224025,-1.2876724924221181
150,-0.9316511725103305,-0.8136928045044971
151,1.0635629886593583,-0.6979688982119863
152,-0.16866757258738158,1.1278938344510117
153,-1.6057102368907181,0.626531163335525
154,0.1694747140725067,-1.1885285738773523
155,1.0453730007843425,0.1999954555983767
156,-0.20267830400814377,-1.189627984615216
157,1.026436295066823,-0.3696779751655619
158,-0.7293004972082492,0.4586115290588328
159,-0.631070497149258,0.0975308230271864
160,-0.2100359267296656,-1.080608906996824
161,-1.654075182291204,0.13430976221872193
162,-1.9671371265205142,-0.1978982248082784
163,-0.6936718356170636,0.8697535217340778
164,0.8914096065149638,0.863770627208823
165,-0.6494776214867979,1.047953317365553
166,-0.6367699513792568,1.164826565376661
167,0.1747727334634535,0.25275666539709496
168,0.4892118904211255,-1.31264281708638
169,0.048680205376362674,0.4382205285485636
170,0.49448515720824915,0.5962750378385087
171,-0.7713439709425941,0.7193571721981593
172,-0.6928349038949132,0.09015204457664634
173,0.24620760041253636,0.36717578978226295
174,-1.1046887930714655,0.2770738411914862
175,-0.4047813286517828,-2.694764511332388
176,0.36676414443503286,-1.073643163951987
177,-0.446225044705784,1.1901964343791795
178,0.3117801738977936,0.6682089100154194
179,0.5722913881167165,0.9728194731892981
180,-0.18981902832107833,0.14871142543267019
181,1.9731425649334022,1.395568267317958
182,0.01840260310594422,-0.7235640023922334
183,0.5184152657405892,0.3628277555400284
184,2.6430590121681314,0.35066299520371996
185,-0.41764367489802157,1.2732618114723788
186,-0.6480667377436388,-0.6154876991768762
187,0.25655449474576014,2.980285313403795
188,0.755947793593438,0.21741729611650942
189,-0.1260797096560164,0.5614658152301101
190,0.09872252469180706,-0.7152967622206393
191,-0.35416314706009827,1.206870693507534
192,-0.5338689200956163,0.7879846687615388
193,-0.15655341903506526,0.7922506024752798
194,-1.0649026684640253,0.2882051884012181
195,-0.09547905661106182,-0.7649256460124919
196,0.2301391928672922,1.4201060766365292
197,1.6442407754312063,-0.2488867525201865
198,1.657905529023885,0.2785804511753637
199,2.28064984153378,0.12550857475705218
200,-0.1982577355078713,-1.001382569446221
201,0.3981428129014808,-0.08390991926834847
202,0.6205000211724714,-0.13452994471580085
203,-0.4534676812090183,1.2621415873550588
204,-0.037261875779787144,-1.3828478783133933
205,0.4184636662761956,-0.5514748838011011
206,-1.9085540710247662,1.9345868268549895
207,1.304630627262638,0.6180340800645875
208,0.25018717885621655,-0.032829220293409844
209,1.331547766595214,0.07256804251523662
210,-1.6556833601381116,1.7528413660209956
211,-1.1507528378477283,1.345539175988935
212,0.03280121038593541,0.2253970657033495
213,0.3387244375904987,-0.8395469053404284
214,-0.3383096174759086,2.2823935401623836
215,2.329689771449195,1.3243985911791958
216,0.08736816260432888,0.4155533450045147
217,2.3891073995032492,-0.031173807024612258
218,-0.14764523281517075,0.23774687410792986
219,-0.2950702617478062,-1.0014129264376779
220,-1.3029532849194918,-0.6185854616061249
221,2.3431017672406655,-0.34499680267093746
222,-2.0522375510191626,0.07446661412233466
223,-1.0483620278989891,1.2058028420302653
224,1.7926165921157002,-0.46546795383477724
225,1.4799748945165494,0.10361507929515885
226,2.8689816892647886,1.730450441337688
227,0.32398386001582014,-0.7310961486991477
228,1.9134839067076732,0.1086361495039901
229,-0.43450852630832904,0.36098088937006334
230,-1.660803343367758,0.8594631911328312
231,0.1129815861950063,-0.08601473325127071
232,-0.14825811391216887,0.36348651853017916
233,-1.1432374986706626,0.9655791235368684
234,0.8889645393572592,-0.03874468582229235
235,-0.19522719989781168,-0.11765790219943376
236,-0.42262679268473063,0.08995884975054888
237,-0.5851589128026027,-1.4885684894074385
238,0.06514580378330147,-0.03821564946263405
239,0.704812136866107,-1.3469728873969615
240,-0.12096670140749248,-0.36386089912377906
241,-0.022931960917518014,-0.12533006861790083
242,0.43458266270156265,1.0581004288843767
243,1.3606576680411961,-0.3324625623006055
244,-1.216258925326124,1.6906004712198304
245,-0.7622487384963487,-1.5838023639265277
246,0.2112426290484464,-0.19270009496399776
247,1.5032641475510908,-0.20658438709385377
248,-0.8061035647743139,0.015556758091179285
249,0.15542946366223503,-0.9852078310118348
250,-0.9414932348166619,-0.8852201741757834
251,-0.48429950056524756,1.631097577478721
252,1.0009501845392288,-0.1896267031393375
253,0.47784090183851957,-0.38025696106510404
254,-0.17317087949189175,-0.34537659883493543
255,1.3866032538654491,0.175555639506884
256,-0.2911774812706448,0.1429704098734905
257,-1.7419320840947943,0.5358227590820617
258,0.00841913408585836,-0.052791583364446205
259,0.16902051425843098,0.2095894092948744
260,0.15987079899047352,-1.3372232731717177
261,0.3634382429564099,0.25191865647385975
262,-0.6391830870784544,-0.3152028491317193
263,0.024138415711604178,0.28721478170106085
264,-0.17461836243358955,-0.5204702905356097
265,0.4177285737066384,0.689384418114919
266,-0.6263842458397619,-1.5873060216994832
267,0.9362508133035532,-0.06927645357377489
268,-0.7152051322082639,-1.1937268117845603
269,-0.5500777485968605,1.1667402114599674
270,-0.39061811969879634,1.8283974634383138
271,-1.7241412611816125,-1.0430667156540414
272,1.5677665777957182,1.5968978021942382
273,0.6321883501358786,-0.12065038582267383
274,-0.6110540939236578,-1.0246703956292829
275,0.03928051861066558,-1.0142717497675213
276,0.5631868310258743,1.61409579230089
277,-0.7756849827499015,-1.464893781196773
278,0.45291725642438835,-0.5589720503200011
279,1.8942041183424398,-1.2988746980429318
280,0.7365537742110965,-0.10916149563738174
281,-0.9664192546789481,-1.2026212333204602
282,-1.7247695418778652,0.32938799196144036
283,-1.1438076747928632,-0.3051601423636121
284,-0.9793407935602689,-1.0408017218024503
285,0.4467236129312763,0.27534856114058476
286,-0.4077785880702882,0.5301913712629004
287,-0.859791322989362,0.6624750170021088
288,-0.7784920475969204,0.2576282874847561
289,0.6715829705494606,0.8311653556404967
290,2.510947555090387,-0.7606798616802498
291,-0.6448020482043313,-0.6256929784065022
292,0.33211441390425894,1.3251378121284338
293,-1.028591807221343,-1.3312818990884223
294,0.02975652892054025,0.19412710956567084
295,1.8911250793439651,1.3621192285039923
296,-2.220661946308182,0.8580231039418637
297,0.999425701522218,-1.9773321588044503
298,-0.3888772656214377,-0.44859164377581223
299,-1.1068437160374656,0.15259889576780622
300,1.0950447662969278,-1.9278051042737958
301,-3.1378170699423245,-0.5423986443608824
302,-0.8943905798067581,1.2992059810023564
303,-0.1964879236328177,0.3381256598955741
304,-1.149581975854002,-0.915068741809302
305,-0.5833774062886359,-2.777700774794226
306,0.038512974756695365,1.7322502891171878
307,-0.14081475517505734,-0.7037049810520545
308,0.423287451362227,-0.9911982147281624
309,1.0609370645464118,-1.2149799717696865
310,-0.7240947074263115,-2.0104713868446096
311,0.060690590199034625,-0.14815059846129922
312,-1.333492769222763,0.7919626152331183
313,0.20494652128151522,-0.6808965588664073
314,-1.3925556820270144,-1.7731169016517212
315,0.7002927813495202,-0.572754971623615
316,0.274240092574586,0.5779204643731075
317,-0.7870372604180966,-0.26432375921749335
318,-0.3369336641346374,-0.21982243885938876
319,1.0099483476693805,-0.709277460883385
320,1.510542926265362,-0.9350100359472278
321,0.43241858286892243,0.3365677399198276
322,0.5315436922583365,-0.06757099059451156
323,0.927458708591927,0.6655121969786151
324,0.5764603691729184,-1.2622958777354034
325,-1.0438431402935995,-0.07729328057885602
326,0.12910596673952027,1.9216186888392137
327,0.7891965359886329,0.19502134738032711
328,-0.2213667192053763,-0.8552067220562619
329,1.3652431510502443,1.1502379539099121
330,0.36675508635579596,-0.2763980049728303
331,-0.8039733603829774,-0.8208715348841398
332,-0.7562351734652282,0.4750497945604547
333,-1.1231631165425362,1.566863569582894
334,-1.488317648584334,-2.429709141034038
335,1.2303054548096661,0.21658467423175706
336,-0.18022868737205677,-0.7945034410650571
337,0.0729871822308959,-1.502490580689188
338,-1.5319698743805605,2.1658551336178418
339,0.5603150707760522,-0.8663484332473077
340,-1.109850584630529,0.6132188852660283
341,-1.3326071057573197,-1.1627415777868317
342,2.921904376483489,0.30684084372432024
343,-0.41661225131663765,1.0493054872233802
344,2.216076401560424,0.08764808347658225
345,-1.2472794663089428,0.5489108166246172
346,0.00918560875260944,0.5213513592291397
347,-0.32690591228442495,-0.6336898040911838
348,1.0479146401158366,-0.3665740438245099
349,1.670838591059614,0.09658870398139617
350,1.2920239799089763,-0.25261167600174633
351,0.6038519666845121,-0.0725568901978947
352,0.6282601384747649,-0.203898524346599
353,-1.5312401635851713,-2.1026947440755968
354,-1.6394398803226513,-0.18568930755237123
355,0.03751877411665501,0.28723347880084554
356,0.6584986272174657,-0.35695428887140074
357,0.6211951588537521,-0.32763442366077616
358,0.3736080179712372,-0.4695446868910698
359,0.9399127584016319,1.2968531254715572
360,1.4773507177343719,-0.02821441715672925
361,-0.5600702989374607,-1.3108747395413833
362,1.1171878169031746,0.7988188682435139
363,-1.234730993132459,1.0065985348467505
364,0.7230160343010436,0.2496701693375121
365,-0.33589912780272657,-1.212348396133426
366,1.4731918884253665,0.9864357021600806
367,-1.2540524764625254,0.4733247663370006
368,-2.609705440613174,-0.17629502852110207
369,0.5530660415711017,-1.6328429306651324
370,-0.02489965423427426,0.49613633942727337
371,-0.33400846918348004,-0.4310336824916241
372,-0.6128218281770336,0.09082304153205745
373,-0.7701561073847939,-0.6190067219162094
374,0.5833595276802594,-0.20749918765962153
375,0.0615228434947034,1.5755532096620715
376,-0.8040799467978478,-0.915308724093606
377,0.0861679007942383,1.5747509215672086
378,0.5912396448381292,1.443988054696482
379,-0.39673427542500317,0.44211640668078744
380,-0.761522557888065,1.3691940027769358
381,1.6035502493104843,0.7434116686313573
382,0.07900247795652547,-0.7957438183123356
383,-0.5542984358558485,-1.3508230798536378
384,-0.9603047781819912,-0.7215367167838405
385,0.8875699635699895,-0.33425878346762694
386,-0.7870953681033445,1.3320187664978906
387,-2.9154374984690334,1.9023767174321848
388,0.09914666389327871,0.5813011633319807
389,-1.9374456943676983,0.22095926308170563
390,0.46532827548650807,0.00893196219593145
391,-0.14773987465110802,0.07748395815590337
392,-0.7262395096359763,-0.6579137143742353
393,-0.5009099077231166,0.413792722927216
394,-1.8667838250754916,-1.393996989226306
395,1.0303430001362124,-0.3559943129303572
396,0.36583039533741524,-0.3885444129257318
397,-0.2110326830992167,0.3960020965142801
398,0.10819097742821569,-1.0462822619004173
399,-0.8377705456372958,0.3162387074799531
400,0.17152079184947344,-1.1667204544556873
401,-1.1618669640960306,-1.3753273738496403
402,0.028525678666911698,0.4854426704759414
403,-0.25518635709927845,-0.0007799008573342565
404,1.303126278280733,-2.294612016746486
405,-0.3140682794407633,-0.41878930356374394
406,-1.8688963619913148,-0.6545085696397062
407,-1.9815604960028246,0.2780449322575899
408,-0.267952848586276,-0.22734605461831764
409,1.4530945052104733,0.21399524037150108
410,-1.1331731743462565,0.0013350348407608372
411,0.0956658359966276,-0.8545994934652809
412,-0.008443674707113123,1.2892896954114117
413,-1.0210426668823105,-0.49096102036502703
414,1.105654289358864,-0.05002994163671048
415,2.4171922788171836,0.10914261949357791
416,-1.6584194811237176,-0.3220193187737892
417,0.05845669070822298,-0.7447192930636736
418,-0.5609662078538886,-0.5246168098928912
419,-0.3719731324083009,0.8976131751521179
420,0.23288611616561197,-0.23129106254438972
421,-0.6929225432034967,1.0148926330224872
422,-0.47579170061824777,0.527519491429504
423,-0.6574583426299241,0.8457058696864145
424,-0.03746256242158005,0.3446226419274374
425,0.3719785813488139,1.4605671413891237
426,-0.9818206730054695,-1.125128831429041
427,1.0331406490302535,-0.24779295401043852
428,0.8395122907556312,-0.4340320480587674
429,-1.2752392706976636,0.9893147154976697
430,1.5692388925223482,-0.6458240809643963
431,1.312723748754092,-0.8731711840964552
432,-0.9980670845375847,0.6485489747800475
433,-0.42489088554361515,-2.3106755930346283
434,-1.0507163110033413,0.4100988415853072
435,0.27725796773768036,0.1882927320232114
436,-0.1739950249872935,0.49044643380870356
437,1.0879963286959282,-2.1644625999074854
438,-0.9826175222577814,-1.6231596026732418
439,-0.9061719763872118,1.30086996182121
440,-0.008300033461325004,-1.115379188298821
441,0.0508556884498166,0.759856404245552
442,-1.6002782789450463,0.20197244628669797
443,-0.6107491468194993,0.3654238593585986
444,0.7577439067579964,-0.4423684298455402
445,1.7924559009506869,0.8905387287818135
446,0.9566608322829279,-1.100170814331025
447,0.8425561541305088,0.18898700028329318
448,-0.5921269056017623,-2.0192143809420577
449,0.6427315847317786,-0.4364789469811695
450,-0.4758506908357965,-0.06096520190551731
451,0.08674546080844707,0.9454946890229907
452,1.137689913681378,-0.015471566994628084
453,1.0299121226194141,-0.05648667285241065
454,1.722908084847738,-1.0731518451642894
455,-1.4684134643406261,-0.5094837520782382
456,-1.1620628721638628,0.478372933905289
457,-0.9457261158854009,-0.32773384331555877
458,-0.9885401077316012,1.0334590373398356
459,0.34444952293568903,-0.35640996083716064
460,0.604961242006118,-0.21115977544366105
461,-1.442380881207242,2.336202105747791
462,-0.877200674891562,-0.4360996405914088
463,0.8883537801736158,-1.0400137712979833
464,-0.3500057491522346,-1.7559779055780094
465,-1.0844746646408792,-1.5552107789665053
466,-0.7805662633031518,-0.023521304725995864
467,0.8802272800848181,1.8681628472303156
468,1.287306928802776,-1.409262169187596
469,-0.3532594538040812,0.2653826417194138
470,1.5965758121954277,0.39328900150577606
471,-0.39109122604711516,-0.7471021900826813
472,0.18616610862304236,-0.7071779558696174
473,1.905006007309884,-0.30833726594264527
474,-1.4833029607878874,-1.3696868975289958
475,1.8475986148102703,-1.4484258986029532
476,-0.17582852483473232,-0.8017598271000262
477,0.8588869420504645,-0.4153240723698839
478,-0.8365502247095921,-1.3959573668707104
479,0.6708699815034715,-0.39585385148933644
480,1.899611459538904,0.41652687374950403
481,-0.13837178294719,-0.6916321704830052
482,-0.18958223845402988,-0.7372157189382913
483,-0.579878725594753,1.6217392613602968
484,-1.109462132971725,1.0221194511120257
485,0.9287171298365118,-0.8077615432803394
486,-0.21244563638569383,0.9286655802932198
487,0.7011780959464793,-1.5786201454957705
488,-0.5106359040656416,-1.980769292651407
489,0.56170475770448,0.7463580967482184
490,0.16321242845844855,-0.9239240744175631
491,0.4388665589944818,0.44079243659457334
492,1.7979430476261542,-0.3677791783118001
493,1.6666567140496407,-0.8395443805059556
494,-0.174007116324434,-0.8449738068391324
495,-1.440101120541446,-0.7949817275109142
496,1.79015115371165,-1.165687202835541
497,0.8255521971873022,-1.0692126388035097
498,-0.028243983501937832,0.18375004721932298
499,-1.8565973106261333,1.1924093309987402
500,0.2438905085881252,-0.8279001945339645
501,-1.5002756525691177,-0.8500496717613482
502,0.3324380478485271,-2.1251226312000626
503,-0.38753151824842524,1.2037203643722751
504,0.06884208680326942,1.6596612732372233
505,-0.5316930761091971,-0.3578579480810945
506,-0.6289804028936552,1.246743112087575
507,0.4471363299441859,-0.6468898098512113
508,0.8511255608007532,1.4138304853495651
509,-0.7518906140860095,-0.7062252822550704
510,-3.187626366946016,0.7310557186245359
511,0.8710494879150572,-0.6824578977025997
512,-0.15402156898449007,0.3012434379408745
513,0.8996925194011154,-1.2965023299508542
514,-0.6122436286342698,0.43306820744294716
515,0.10384627346664373,0.3321028987174934
516,1.1009848303152474,-0.09657198006920013
517,-0.6307725243176738,0.035505839687178894
518,-0.013903033372321504,1.329157748799427
519,-0.8290858167248815,0.5818622369806672
520,0.6846298372142819,-0.8690648416508931
521,-0.12815996220270504,-0.13179453489390794
522,0.8236823138177546,-0.15733963354933933
523,0.7001365813387128,-1.7987546089553277
524,0.14227935559226282,-1.0876348616985978
525,-0.09976226301169978,0.8012904608408518
526,1.9782360821760878,0.37812444102463943
527,0.06542006592385334,0.4101018056595104
528,-0.9728733429512971,-0.7763574033216118
529,0.16011147481622034,0.9398847050638298
530,0.4743875435560128,0.7302383710366744
531,0.8042923054764222,-0.13078866125542746
532,-0.7919155648788728,1.4504307194889936
533,0.23769886528485523,0.08965512519375016
534,-0.09032513317776869,-0.8566876088447221
535,0.5043881096670042,-2.002696532168624
536,-0.5181932268106278,-0.5962941980133861
537,0.04432927958012149,-0.5125499450647215
538,-0.4804978879815449,-0.8336381684935587
539,-1.3376205966677661,0.3009891554941469
540,-0.35750947390351134,-1.637794916221862
541,-0.11225466374441143,0.18629463351998649
542,1.7135849860604122,-1.5736679714090192
543,1.053140673532004,-0.1978950876012753
544,1.0857676053906635,1.0845579033255464
545,-0.6723862461076564,-0.04375860606185676
546,0.15400123613475045,0.0633179177865802
547,0.9115828248739062,-1.170587196180032
548,-1.2002099900879226,-3.369458173524049
549,1.7374316782675894,1.2669733210805276
550,-0.6026217066740998,0.006351661123475643
551,-0.8398866991229951,0.008462269013205195
552,-0.9267908211040297,-0.17587136933503708
553,0.4587893392079634,0.9916980612118154
554,-0.9281033826341869,-2.3903496902433674
555,-1.2635980790866441,-0.1671722639419261
556,-0.8055156344355772,-0.1559886804187354
557,-0.14693694957190667,-0.4017566220682096
558,-1.8917759464434047,-0.35040912663343676
559,1.724295687680729,0.6841103041225411
560,1.000422980802859,-0.30468417543086707
561,-0.6268967971639787,-2.465449552928635
562,-0.3289443228390428,-0.15772221089668603
563,-1.437849195284239,0.8824486579313187
564,0.40760347648243195,-0.8061961077642524
565,0.960513274282942,0.4524732424464943
566,0.18478472218118658,0.5708199150623875
567,0.23377119321346326,-1.224273810737377
568,-1.3806977556798072,0.2652430364451043
569,0.7433097282474823,-0.9732466405071173
570,-0.7472617837966752,-0.3375129596449668
571,0.3221049792052649,0.9083693275726354
572,-0.047798800866895114,-0.5908265415009101
573,1.6296453818888983,-0.8493630015265676
574,1.3716736557279756,-1.4153439284053873
575,0.5314320479906027,1.8723667502891903
576,0.7471118643573358,-0.9713053300552688
577,-0.9162500451026829,-2.003590020139168
578,0.15323991689581012,-1.2927485594474524
579,1.081327674854127,0.0225799346792778
580,-0.3238165500712846,0.6712370590725605
581,1.1570448668892752,0.32412259469007076
582,-0.05635510527486729,1.7654716775947497
583,-0.7156499854360668,1.5384643726610947
584,-0.6495121750695683,-0.05710705609245546
585,0.3539150682665532,0.9329261408229436
586,0.3633820102061728,-1.3677706274146137
587,0.49278559245267023,-1.5684169464570294
588,-0.8913636361712148,-0.33175690224001536
589,1.0962984458434073,1.3160907363802445
590,-0.1259079157066642,-0.08217215026157486
591,1.1906134071153804,1.491930415820504
592,-1.9419239096775018,-1.5621567666182334
593,-0.9295999593486832,0.8248260302143288
594,0.5052173473046181,0.23180689771916557
595,0.5125342025049174,-0.6582457714692679
596,-0.7692446843578805,-0.03207649487641321
597,0.11393160176957991,-0.7125395312168817
598,0.33275854709554237,1.7254506271571026
599,0.7227545189403991,0.6193071313601164
600,3.1680863066329925,-0.24655403440849197
601,-0.8344393636913827,-0.4120723739882804
602,0.7410733512113875,-1.407300924592971
603,-1.2972523449452142,-0.2048601956410735
604,1.3431084067239578,1.0186175326149154
605,-0.5776664755915792,-0.5714036710141283
606,0.5250751314199725,-0.23550510142091718
607,0.2569308472311461,0.7239712637793007
608,-1.6932984789604637,0.13497484352832886
609,-0.8441064876396901,-0.8287523078344182
610,-2.7020771413073112,0.9633965564338757
611,0.4093591441754803,1.5127656199325799
612,1.4070383757538074,0.5691909832385226
613,0.02159379842455753,2.3715932676796885
614,-1.5040591433940942,0.6782587055818673
615,1.303901908322194,0.14401513871657962
616,0.8128037364243256,-0.4745602126506158
617,-0.40783999417704,-0.5631955827315269
618,-0.6550492158874774,-0.03302542457079001
619,-0.9756954496629526,-1.335873066176117
620,0.5721324852915102,1.8018260751460786
621,-1.8929575092983093,-0.11732529279225033
622,0.4045077494468555,-1.1079250779436238
623,-0.29275669245557834,-1.4583773643629936
624,-0.19259351899626106,-0.6165044427021388
625,0.9143167387914609,-0.20426947487701552
626,0.7474089116094186,0.07565239219696922
627,0.9464555908212163,1.071574364971061
628,1.6831806023856084,-0.8813207217958866
629,0.9224850675631554,0.5012372033534636
630,-1.1026803341456994,0.7984944635948658
631,-0.7341689707378329,0.7626492744299893
632,1.157638782392873,0.9588219032956642
633,0.15888697631871618,-2.2071426536170478
634,0.1350206140318256,-0.041256804980220024
635,-0.05805140027323864,1.5374081816362226
636,0.6173538343024333,-0.9402938469105462
637,-0.275083777670883,-0.0005296299485898615
638,-1.2805979959315532,1.509967232462404
639,0.835323257267847,0.2819098893373657
640,0.3137917649626321,0.3442662384564733
641,-0.4428417033787527,0.4639162965420249
642,1.404119140278295,0.9534983825072277
643,-0.1431746727199811,-0.9153713292745186
644,-0.6845427675854292,-0.23359893650174807
645,1.2623495133277693,-1.5509600822553762
646,-0.5250814395420709,1.4003544604667728
647,-0.10127533959516598,0.1570519888121355
648,0.17408232223540634,-0.015299985122918504
649,0.4750953002161887,-0.37506851842864214
650,0.017325835237841435,0.3129869332474768
651,0.22103443487483698,1.348138812523036
652,0.5568383977809099,-0.8036638537477451
653,-0.6659790860863172,-0.39553573871655984
654,0.6491794851101264,-2.01991776264922
655,-0.7957689054163176,0.5461137696606094
656,0.8784202689622463,0.4105969475809419
657,0.8840707635286675,-1.151304860750115
658,-0.5805513319713841,-0.7592788285166993
659,-0.8237201273613333,2.0788758759346746
660,1.0146441525189045,-0.22482176314062352
661,-0.4470573604423804,0.3196962411549987
662,1.1478037514857162,-0.8654481656935306
663,0.4424497817291466,-0.6020889510032954
664,0.9420494123081712,-1.2964974679019405
665,-1.1736972058577961,0.4148681433792991
666,2.030439887240945,1.5158354240964458
667,-0.1965078710752907,2.493030853962716
668,-0.6161040780393975,-1.0023299112958706
669,1.083255884280641,1.0316974108070516
670,1.4492944669133558,-0.2585839588265623
671,-0.6336202747705465,0.02061265111606834
672,-0.1054264971310356,1.7142474016828826
673,-0.015256655654777943,0.6862460909762098
674,1.0942493751553763,-0.40462765281747315
675,-0.22396891522933926,-0.7529204200548584
676,-1.6372362113906669,-1.5177471769258923
677,-0.11194892871007647,-0.06817879062906629
678,0.02654224388815045,1.0055920228415045
679,0.18183111644522248,1.1765657133718936
680,-0.4831701738215587,-0.8867472648954554
681,-0.11543012635863005,-0.828276241616205
682,-0.6345583485341496,1.7723922175527427
683,0.13032123665278783,1.0853743943840493
684,2.268366221312244,-0.21317837674559673
685,1.9645217032446256,-0.14695175422478024
686,-0.25162006868158343,-0.01216934872090034
687,0.9036482505612926,-0.7264892062521612
688,0.24719582636790144,-0.333405291572747
689,-2.2055357704671623,-0.3632603276501454
690,0.36816750172495755,0.7037770410036616
691,-1.0497403821062632,-0.27880695477141354
692,-0.88362170004564,-0.6647476506248089
693,0.18026657171369595,-0.790882112190438
694,0.775033734338499,-2.7496195684667057
695,-0.1775455524971881,-0.10955631776619153
696,-0.31667813196827765,-2.479183951335523
697,0.1330025314674581,1.2805330761921558
698,1.1342451358962002,0.22212403826248978
699,-0.34729597441387416,-0.9353959592888453
700,0.9011964173286378,-0.9082840341486325
701,1.6392431311465256,0.7773342132186081
702,-0.629684480944894,0.6580676791454491
703,2.0639740725056104,1.1489705338484706
704,0.27408399885495877,-0.2637623595459098
705,-0.04772509325948614,-1.545516561292023
706,0.20307057310114152,2.06728877704865
707,1.0485485032211013,0.3487358587335704
708,0.31192564799588324,-0.0685492527156277
709,1.2686470660846951,0.5174471094614684
710,-0.47536688449992276,-0.8468697645213208
711,-0.4200113044266919,0.39517445347734276
712,-1.4726084502978432,0.9972148003358726
713,-0.6091193754385582,-1.3415179782555469
714,-0.09338241405667619,-3.1681233222618483
715,-0.04138899599156746,0.006192529233064196
716,1.2436222469739042,-0.22036484712861046
717,0.19932089058069605,-0.8968115402067884
718,-0.38308853482505517,-1.1632112823704084
719,0.23988119116658513,-1.710924240293767
720,-1.079635530411184,0.568273648135193
721,-0.19927927832020667,0.1798442173099487
722,1.3892284787592224,0.6237538643203144
723,-0.21513623647938646,-0.24735937875497666
724,0.3993832387440729,1.0786951486741168
725,-0.23529197841412333,-0.36702604025905944
726,-0.045028329591715516,1.5705462582291674
727,0.17643541167499613,0.17880004884195322
728,-0.08198541778148913,0.07527110644269527
729,0.18472530266021533,-0.5728014539581918
730,0.4001731161610497,0.6101760564977151
731,-1.1466147294808993,-0.7762294400687026
732,-0.3192149897051443,-1.2729720645906955
733,1.1378556637695485,2.426078525652027
734,-0.3683171362420062,-0.3233571229629284
735,-0.11265225607474798,0.19477260055696238
736,0.6999360804466014,0.7682310783001057
737,-0.7876741026045868,-0.2928769402288616
738,1.0645457381832142,-0.3046798463936484
739,-0.25993651942677626,0.8183264070248559
740,-0.0187588686043183,0.4018171674285279
741,-1.1692321810888926,0.33118726454242087
742,0.9579885571726123,2.0805188623393676
743,0.5662076871317149,-0.3390976352524901
744,-0.5896257931896887,-0.031477420966145774
745,0.13614550343673254,0.029363602375701552
746,-0.4099124301651329,-1.5102920554460995
747,1.8321428166530345,0.5416136646624394
748,0.06250626778506037,1.1158480082784585
749,-0.9721569929653675,-0.5700961067787188
750,-0.707528551078163,-0.8184910579760477
751,0.655881011877269,-0.8435645722296866
752,-0.766044324635206,1.0790839631836955
753,-0.2892792679647929,-1.1246850635165269
754,0.9109340329391925,-2.044825769775353
755,-0.3954521708676172,0.22146083823882073
756,-0.6656486931581493,-1.697957004411461
757,0.6876743426211518,0.24788749487510955
758,-0.23171646934817205,-0.7732496405555134
759,-0.8113521545644774,-1.3684208151187598
760,-0.3934046712011066,-0.6004041531166036
761,-1.2832339723900672,-0.2340259165216817
762,-0.6035717404921442,0.6862638193233135
763,0.9745793591032021,-1.4914259231623583
764,-1.5182393531057135,-1.5539018077517759
765,-2.921078957253401,0.7169039560009015
766,0.8951982070226852,-0.22016140961317515
767,-1.2506927289775396,-0.7047648589916239
768,1.1227604304736158,1.2592053487616133
769,1.404892162218286,-0.1328597835036449
770,0.6987139742829184,0.08461628006588308
771,-0.16497075707381956,1.9336868742868356
772,2.002321979869202,-0.27724551288438004
773,-0.11251443617333369,-1.0942908918438883
774,0.5126309102523179,0.8421378664760133
775,-1.1738916505331227,-1.0042365395895456
776,-0.20171275938249206,1.779580653949279
777,-0.45921636117484904,-1.3045413666158012
778,0.8474314797391322,0.48158079825799627
779,1.3370461720306193,2.220015515339165
780,-2.963958154234044,0.08190870282127377
781,-1.6150355443913622,0.3178762284880215
782,0.7095350542496539,-0.2821721503018644
783,-0.5709320969048572,1.799567415429938
784,-1.5096828572375993,0.5393928195338916
785,-0.10835514850675912,0.86030767880487
786,-0.16571575850395964,0.051568135249130446
787,2.4875778202615844,-0.5210521606125629
788,2.1786970676972213,0.882659085785094
789,0.08634649353243797,-1.130454059586667
790,-0.1701920510926875,0.9121840812578992
791,0.49094445222367966,-0.4595521719522039
792,1.0184988407475215,-0.34915952034456443
793,0.8381945866415996,-1.1276752561045134
794,-0.9823298396540553,1.7229461393713505
795,-0.22193767514814536,-2.906248899020689
796,0.33301458875577566,-0.7839929467867994
797,-0.8980714046600895,0.06667627602293939
798,-0.4568288402034282,-1.082596412235395
799,-0.5248635116561632,-1.8228103152749642
800,0.2781827389071056,-1.6068926967372656
801,-0.392696152515435,0.7854448814051916
802,-0.3001796036188905,0.1554244280416373
803,-1.1002837466459379,1.6692231215817703
804,0.16684359836012183,-0.4811730405748658
805,-0.5703866519830088,-0.34388932278800266
806,0.9104536526306639,-0.05332621343901005
807,-0.7786420142755333,0.8065109158555586
808,0.6770049181818407,0.49193405792896033
809,0.08871918147578979,0.33711671137095484
810,1.4297970570793912,-0.8263124573224432
811,0.8230725457526802,0.9013929616809102
812,-0.3459580219378652,-0.6076335922844692
813,-0.24260774922216263,-1.5023364237875034
814,-0.2730083474752108,-2.014401726061281
815,-1.3615689155092043,-0.7974752103781766
816,-0.13421182680647625,0.19958356862113757
817,0.5088040564107617,1.248141010733765
818,-0.1009746552960446,0.2831395983232494
819,-0.6582319707780163,0.7599194334249304
820,0.2389252823414629,-0.01503518623415366
821,-0.8497509041980231,-1.2203032261247362
822,2.295791497949311,-0.7501182867254115
823,-0.1644846143680934,0.3164471522324492
824,-2.523976871810059,0.6293222221008279
825,0.9548885853538632,-1.2638895686638083
826,-0.870415911820073,-1.853028634133853
827,0.8136313407058315,0.6804201114709846
828,0.8466588912351023,-0.14137111067400507
829,-0.6797738048261094,0.5281982777206807
830,0.08058829066641539,0.11319571515509519
831,0.06747246900822082,2.3054081955889427
832,0.38730112226590413,-1.0782784495026922
833,-0.054540897564052976,0.9971429114100346
834,-1.8268745083235822,-1.1298631222612654
835,-1.7117668318133656,-0.6061213262068226
836,0.18239351215679253,0.8011274892115975
837,0.6026903807960424,0.27822609703730217
838,-0.7267143120330376,-0.9479001956376677
839,1.4607919703905115,0.145604896772446
840,0.7915755719777325,-0.3677188385868293
841,-0.012347532436211076,0.3394421979616984
842,-1.3938800626172434,-2.071002433288437
843,-0.1750585953799099,-0.47652137892543883
844,-0.2592331250285388,-0.36040488215511557
845,-0.8510612711259482,0.26676658981449913
846,0.816740104700483,0.0577333816462513
847,-0.7029964931309991,0.13169402869992497
848,-1.2767450105599327,0.18400750277642355
849,-0.3532807593851597,1.1293537900816821
850,-0.18264135123683825,-0.843698356286392
851,-0.4542313243165415,-0.4883300506973308
852,-0.039169278128114736,-2.920901779278367
853,0.6406293664131483,1.21612103868586
854,-0.3709081217437982,-0.9596955180406267
855,-1.9834114540149097,-1.119042116288583
856,-0.6109103901059373,0.9183382989672526
857,0.43309668379540406,2.296674133398237
858,0.49782039396173194,0.4161448539334424
859,-0.15200761040324093,-0.44835512083557993
860,0.7767056442344668,0.6923969955277083
861,0.4991764931421791,-0.38527146327555245
862,-0.839506574794122,2.652545704556408
863,0.7580797518981343,1.3507955068905317
864,1.4356526065941815,0.8759059550529067
865,-1.087296264491346,0.5414126642537537
866,-0.6298124005532173,-0.2602357168465213
867,-0.6616287145689762,0.6667305247723537
868,0.4931641841843394,0.5822573251234829
869,1.0014074289243302,-0.3971295582911926
870,0.14667700139913323,1.843875786440267
871,0.4802199084283233,0.41943131817143353
872,0.04075701495679442,-0.07693502769659945
873,1.0499251338463602,-0.8557037299068833
874,0.03515346925418268,-0.6604170983091764
875,-0.20621881896167762,0.40125281681535746
876,0.24523592404341216,-0.26371482268579194
877,0.5153170085423976,0.1232965327069905
878,0.4034284946121533,0.14827089400456092
879,2.0037807930892586,0.021882951445101266
880,0.5617291257823733,0.27520365230402233
881,2.9313243499474426,0.41618015391432533
882,0.29447739905439513,0.19025256387593237
883,-0.3480825879292027,0.8320023311031697
884,0.22915910589278185,0.5560422369532637
885,-0.820204407863945,-0.11768777096144796
886,-0.4177026101311368,-0.5808422404563321
887,-0.9575581347252153,1.273915341611347
888,-0.6726722725088192,-1.0093699492891874
889,-0.27306694556762456,-0.19067123184842089
890,0.10637047857437466,0.7531014080965067
891,0.15075373519991164,-0.7483646696274184
892,-1.035515114579371,-0.7266532863956141
893,-0.08953266350403091,-1.1633252340369324
894,-1.136149115188666,-0.7369453239821191
895,-0.4269587000737741,-1.117053283987096
896,-0.5998361438261093,-0.6139856499848938
897,-1.4174988627822909,2.165566652630786
898,0.4577525960635784,0.005400594837456035
899,-1.0578225387495068,-0.1554188681773903
900,0.630012714386295,0.19734525061560898
901,-0.9832718002840459,-0.6208791463121692
902,1.7779975237406855,1.4899933055407608
903,-0.591010740006774,0.7599712156731806
904,-1.0077335465673654,0.3231093036702657
905,0.3365417502836429,2.656645540446704
906,-0.4740541144591774,-0.1445926631342047
907,0.9232607667894108,-0.41025354140289605
908,0.7239906477131559,0.05378133467228791
909,-0.18513961788601385,-0.06315565336148157
910,0.1135092518566279,-0.2951033360475511
911,0.04461501342886604,-0.6933278730713166
912,1.5107558066935065,-0.23689974425807128
913,-0.4740172755233805,0.6059406266452106
914,1.5682322785691025,-0.3659939363741574
915,-0.5924867631015471,1.3262439433845237
916,0.678198100677723,1.429861521903814
917,1.1249308049609588,0.27318180624037647
918,1.2759227543399916,1.4140348557832672
919,0.6294151650254639,-1.848950897978738
920,0.2858872217036963,-1.099974225740658
921,-0.12419696976279077,-0.16070865390423655
922,0.13492931980296902,1.6806434762679987
923,1.6335055446534572,0.40007800685644745
924,-0.45722432544420816,-0.5316355295844734
925,0.642476747518756,0.05276408888636719
926,0.3515696280713463,0.507966961452055
927,-0.8759433208753266,-1.1712680790327383
928,1.69764564317543,0.8371677721700436
929,-0.1855642241241394,-1.1416677964649873
930,1.043287092957758,-0.9164286966903691
931,0.42727712833328135,-0.2425401359818667
932,1.2048673607523754,-1.2958878211321563
933,1.503306511089881,-0.28471812027440785
934,-0.5097948598758822,1.7391057738018603
935,0.2029916920960359,-0.03143386259702499
936,0.44886418817820345,-0.9969382602410597
937,1.3025892162035584,0.3158847061884787
938,-0.783861500271985,0.4190860195237106
939,0.6242765830535374,-0.09374128953805667
940,-0.2872271606730553,1.2925567687723734
941,-0.4443929008191909,0.7314142003316061
942,-0.6557959760195096,3.126863623165397
943,-1.6657501433109112,-0.6061302917906932
944,-1.3258188579728538,0.2587922577172878
945,-1.4918965909722135,1.1452783284674792
946,-0.8315597047933234,1.250305999864306
947,-0.7363789530373909,-0.5669864545291722
948,0.23294804840632732,1.36684573369852
949,0.24092288760379577,-1.302204595798555
950,-0.5854330151824331,-0.6988774718451178
951,0.9813285653983697,-0.3383873244934874
952,-0.6712461676358382,-0.2798627652163207
953,0.5127661754453217,-0.8222082862535175
954,0.19812898068597828,-1.2255415820592237
955,-0.048084239576338395,-1.754838483485147
956,-0.06303544574984385,-0.6816455730318753
957,-0.1852471988124403,-0.8060292727932084
958,-0.617990972715439,-0.7100260312358273
959,-1.3321380117132486,1.0094326112288692
960,-1.0687954248278357,0.40332015965932283
961,-0.11121065456391742,0.8881612920823897
962,1.4750088540999593,1.010341465490517
963,1.7996788821016678,-0.43493099238042765
964,1.3547920079364817,1.661511847468306
965,-0.2808012670599588,0.8338924713970618
966,2.3671866504582404,0.5477005075930386
967,0.013112186108944749,-0.04816225142563374
968,-0.753927084669079,-0.49868457313048514
969,-0.47021303181748064,-0.1502790349588775
970,-0.2265436105389633,-1.8609901653378895
971,-1.2938085527541232,-0.4818706260040683
972,-0.03820853436401669,0.2139536133716416
973,0.7683905748726535,0.13031104609960723
974,-0.26236783506959477,0.6078148363893907
975,-0.3597353995020276,-0.759666175148986
976,0.32796413567601407,-0.7602016733302511
977,-1.4790186584242397,0.8530104408565607
978,-0.26305580283807084,0.3481741430767408
979,0.09835841135106257,0.5792835960797832
980,1.7178809721511659,-0.7623285012670388
981,0.951282561617775,-0.6365274589819675
982,-1.650910493971543,-1.5460566357789645
983,-1.0012445794929257,-0.33236962412543264
984,0.870614708261967,0.3099676213074171
985,-0.6668473399692034,0.2100653047667275
986,0.13103765084074392,0.3840395914224709
987,1.7376885877078578,-1.2147899227555097
988,-1.1555903076940828,2.1448477813288815
989,2.4495025201487355,-0.936535911233991
990,2.626792567748361,0.6785764823056913
991,0.08002218500238482,-1.033835970329613
992,-0.35620787589795644,1.6219716464091047
993,-0.5907510096080214,3.007682132707104
994,-0.561624629823739,-0.5794670685434952
995,-0.3815115978669135,-0.7951798934115893
996,-0.28366453235759187,0.5141586079977827
997,-0.07717136896743725,-1.332002055089789
998,0.5109807062329256,-0.5987250779683183
999,1.1861530835855492,0.3394588507853629
